{
    "firmware": {
        "bilateral_filter_param_d": 7,
        "brightness_gain": 10,
        "brightness_hdr_exposure_num": 2,
        "brightness_hdr_exposure_param_list": [
            10000,
            20000,
            30000,
            40000,
            50000,
            60000,
            70000,
            80000,
            90000,
            100000
        ],
        "camera_exposure_time": 10000,
        "camera_gain": 0,
        "confidence": 2,
        "depth_filter_threshold": 33,
        "fisher_confidence": -50,
        "generate_brightness_exposure": 50000,
        "generate_brightness_exposure_model": 0,
        "generate_brightness_model": 3,
        "gray_rectify_r": 5,
        "gray_rectify_sigma": 40,
        "led_current": 1023,
        "mixed_exposure_num": 2,
        "mixed_exposure_param_list": [
            5000,
            24000,
            24000,
            36000,
            48000,
            60000
        ],
        "mixed_led_param_list": [
            1023,
            1023,
            1023,
            1023,
            1023,
            1023
        ],
        "radius_filter_r": 2,
        "radius_filter_threshold_num": 40,
        "reflect_filter_b": 75,
        "standard_plane_external_param": [
            -0.9841922521591187,
            0.05658438056707382,
            0.16782090067863464,
            -0.05660234019160271,
            -0.9983858466148376,
            0.00468034390360117,
            0.16781485080718994,
            -0.004892697092145681,
            0.985806405544281,
            -53.149906158447266,
            -7.54203462600708,
            -706.5172729492188
        ],
        "use_bilateral_filter": 1,
        "use_depth_filter": 1,
        "use_gray_rectify": 0,
        "use_radius_filter": 1,
        "use_reflect_filter": 0
    },
    "gui": {
        "auto_save": false,
        "calibration_board": 20,
        "engine": 1,
        "exposure_model": 0,
        "high_z_value": 10,
        "ip": "192.168.6.63",
        "language": "ch",
        "last_path": "D:/haihang/pythoncode/depth_cloud",
        "low_z_value": -10,
        "repetition_count": 2,
        "show_image_flag": 1,
        "show_over_exposure": true,
        "use_hdr_model": false
    },
    "sdk": {
        "engine": 1,
        "exposure_model": 1,
        "repetition_count": 2,
        "version": "v1.5.3"
    }
}
